CustomerID,Churn_Probability,Segment,Recency,Frequency,Monetary
16892.0,0.14565761426923374,Potential Loyalists,1,7,754.75
17168.0,0.9660945079627634,Lost Customers,499,1,265.2
17131.0,0.42525836697077707,Champions,5,5,1873.17
17882.0,1.1515544152791826,At Risk,379,2,291.56
18024.0,0.9754780282562349,Potential Loyalists,153,1,94.58
17531.0,-0.22677379636791348,At Risk,190,3,1126.1200000000001
13206.0,-0.24566645155588326,Loyal Customers,400,13,6685.07
17666.0,-0.33237468112125873,Potential Loyalists,4,5,680.46
17660.0,0.8273781395331592,Potential Loyalists,141,2,292.42
15771.0,0.8250992289461574,At Risk,604,3,400.9
18229.0,-0.09981184383033323,Champions,12,21,2799.71
14730.0,0.03775610810862609,Champions,1,8,1897.57
18199.0,1.0873228531836474,Lost Customers,684,1,344.75
17488.0,1.0925546127928243,Lost Customers,641,1,336.5
16843.0,0.002730903567418546,Champions,43,34,10069.39
12517.0,0.266896812515833,Potential Loyalists,28,4,2337.6
13932.0,0.865492619072451,Lost Customers,295,1,307.4
15309.0,-0.017179151790253682,At Risk,611,4,797.96
16138.0,1.1029092281395585,At Risk,379,3,520.35
16095.0,0.8829982522285308,Lost Customers,456,1,447.05
15019.0,1.0443169682253024,Lost Customers,267,1,252.81
14743.0,1.0275664456840004,Lost Customers,593,1,50.480000000000004
16352.0,-0.323641656441128,New Customers,18,2,494.44
16428.0,0.9540411922188673,At Risk,414,3,593.49
17193.0,-0.11872763381296153,Potential Loyalists,36,6,421.66
12971.0,0.12279781925348864,Champions,4,106,6492.71
17402.0,0.18709672751353001,Champions,5,19,1414.06
13530.0,1.2961124766012775,Lost Customers,634,1,402.98
14099.0,0.0061975581028572875,Champions,16,20,5354.27
16130.0,0.1127392435830013,At Risk,422,4,885.48
17358.0,0.03256658135425671,At Risk,303,5,861.01
17994.0,-0.09269629962082238,Loyal Customers,122,11,2074.07
13490.0,1.14518583790809,Lost Customers,654,1,154.25
17992.0,1.1225954685954602,Lost Customers,389,1,252.88
14923.0,0.1418331349074674,New Customers,51,1,702.3
15210.0,-0.05645981128681568,At Risk,225,3,1032.64
16748.0,0.046909863956988415,Champions,18,14,3637.33
14724.0,1.190894326290033,Lost Customers,590,1,341.9
14165.0,0.9372913480554603,Lost Customers,276,1,120.44
15626.0,-0.26932713463470387,Potential Loyalists,75,3,1067.52
15330.0,-0.010804692437761106,New Customers,32,2,180.96
15795.0,0.13446495004964357,Loyal Customers,150,8,1979.8700000000001
14987.0,0.9076122502541465,At Risk,381,3,20.65
17076.0,-0.0994945235695804,Potential Loyalists,36,6,752.43
14578.0,0.3653000822778895,New Customers,3,1,168.63
13079.0,0.05271230075695807,Potential Loyalists,4,6,323.98
17371.0,0.07377186501048227,Potential Loyalists,17,6,607.67
14259.0,0.7749263346307825,Potential Loyalists,142,1,120.0
17833.0,1.087352221845185,Lost Customers,723,1,338.46000000000004
14520.0,0.02198575521828054,New Customers,2,1,43.2
16461.0,-0.18280645668405274,Potential Loyalists,178,3,1484.6299999999999
15575.0,0.8510861371713956,Lost Customers,620,1,30.1
12719.0,-0.14324370013237617,New Customers,5,2,644.95
17621.0,-0.05038087117491385,Potential Loyalists,21,5,834.94
15717.0,1.1920828719769783,At Risk,234,5,553.9000000000001
17920.0,0.37920451467591637,Champions,4,54,11919.16
18231.0,0.1511139321227805,Loyal Customers,192,27,5462.13
12979.0,1.1058725879516242,Lost Customers,729,1,400.7
17011.0,0.255218663859449,Potential Loyalists,30,3,491.1
14664.0,-0.08055591547524954,New Customers,20,2,636.24
13242.0,-0.03534394196000582,Potential Loyalists,112,7,699.4
12373.0,-0.12696617940958219,At Risk,311,3,967.6500000000001
13788.0,1.1967050691637728,Lost Customers,505,1,3.75
12405.0,1.122327664318787,Potential Loyalists,149,1,906.49
14294.0,1.0224220291773594,Lost Customers,407,1,375.34000000000003
16367.0,0.1287114340180145,Potential Loyalists,37,3,1350.48
17696.0,-0.16244616615621563,Champions,38,27,5520.85
14489.0,0.0790761046001034,At Risk,207,4,1574.93
15574.0,-0.24039359520272752,Loyal Customers,178,6,1044.32
14674.0,1.064487838486745,Lost Customers,509,1,173.66
13847.0,1.0486198368036521,Lost Customers,720,1,310.72
17493.0,0.9852160476772048,Lost Customers,385,1,100.91
14223.0,0.06042334268587161,Potential Loyalists,92,3,991.13
13547.0,0.9621331629928919,Lost Customers,408,1,167.08
13870.0,-0.012652718640625261,Champions,2,15,3778.52
15932.0,0.007969014179286034,Champions,4,8,1554.3500000000001
18047.0,1.04136836530505,At Risk,381,2,326.09
13888.0,-0.07355301897492586,Loyal Customers,120,7,1940.39
16829.0,0.8583478729528803,Potential Loyalists,157,2,513.32
16225.0,0.10977027330746977,Champions,45,15,2722.51
12584.0,0.2687264772811752,Champions,4,9,1647.2
15624.0,1.275376644090806,Potential Loyalists,117,4,588.13
13549.0,0.07060158117620714,Champions,26,8,960.8000000000001
15089.0,-0.12407489475452627,Champions,10,6,2169.4900000000002
17625.0,0.07113005216865542,Champions,18,8,5719.5
14932.0,0.7598023646939879,Lost Customers,366,2,566.13
18027.0,0.8976845842708716,Potential Loyalists,99,1,115.31
16304.0,1.2031515646728288,Lost Customers,695,1,381.66
15941.0,1.1045089503104084,Lost Customers,637,1,81.0
17816.0,-0.023468767837553455,Potential Loyalists,37,6,96.11
17703.0,0.04221032773091362,Champions,35,4,1094.84
14071.0,-0.20274954378945714,Champions,4,8,1437.57
15288.0,0.005976900157920061,Champions,43,9,1570.38
12688.0,0.9329790330051717,Potential Loyalists,114,1,2827.45
17667.0,-0.048952510754987986,Loyal Customers,66,9,3682.1
17309.0,0.8883525997885487,Potential Loyalists,95,3,320.39
17557.0,-0.45784861054291637,Potential Loyalists,14,4,516.0600000000001
16878.0,1.0520838986106615,Potential Loyalists,84,1,13.3
13377.0,0.8811206277398737,Lost Customers,397,2,1249.03
17974.0,0.18507568395694313,Champions,25,6,1688.09
12403.0,-0.19129446165562938,New Customers,50,2,81.9
18262.0,0.8428309035492356,Potential Loyalists,140,3,577.54
18105.0,-0.1303450890769425,New Customers,38,1,113.48000000000002
16749.0,0.987990877164268,At Risk,591,2,984.1400000000001
16522.0,1.1154321479823845,Lost Customers,436,2,380.26000000000005
13600.0,1.16201389048416,Lost Customers,312,2,338.82
14228.0,0.13404887047497926,At Risk,438,3,664.5
14148.0,1.0711242272946322,Lost Customers,234,2,211.29
13485.0,0.02781571344963465,Loyal Customers,233,11,2641.82
17587.0,1.1319530479348208,Lost Customers,628,1,176.71
16998.0,0.9336497498873525,Potential Loyalists,150,3,32.4
17663.0,0.12377446061154801,Champions,26,16,4196.68
17521.0,-0.13563406335261916,Champions,30,5,1278.06
17372.0,-0.16105799750716093,Champions,41,28,3909.31
17851.0,-0.1387835490840172,Loyal Customers,422,6,1488.0
14695.0,0.18383493309226037,At Risk,519,3,1055.72
18211.0,0.07875441322548853,Potential Loyalists,26,5,552.37
17332.0,-0.029742963476575623,At Risk,528,5,727.8199999999999
12531.0,-0.03872641018688557,New Customers,15,2,1771.2
13894.0,-0.12912852289912535,New Customers,24,2,443.3
13955.0,1.052647544069999,Potential Loyalists,154,3,493.07
16465.0,0.9347449056187772,Lost Customers,421,2,644.24
15182.0,0.1963810728555303,Loyal Customers,154,11,2355.9120000000003
16705.0,0.1551502864754999,Champions,1,35,7423.691
16394.0,0.060080828203716796,Champions,57,5,1383.98
17382.0,1.013935377932637,Potential Loyalists,65,5,159.0
16484.0,0.8248430935028078,Potential Loyalists,174,2,404.3
13044.0,0.20602454200719209,Loyal Customers,291,11,3906.25
17031.0,0.22129589880447326,Potential Loyalists,12,3,560.95
15298.0,0.03547025955362399,Champions,2,22,7249.89
12904.0,-0.15334787238996514,New Customers,18,2,445.06
18036.0,-0.05151856475632537,Champions,32,11,1423.09
16759.0,-0.10137735734112842,Potential Loyalists,8,3,739.99
16331.0,0.938141793477843,At Risk,432,5,466.0
15829.0,0.9109279894131107,Potential Loyalists,99,2,636.14
15978.0,0.24271592930633112,Potential Loyalists,77,3,2366.58
17441.0,1.1018738775980013,Lost Customers,732,1,293.35
12923.0,0.9418178779934171,Potential Loyalists,64,3,537.92
15269.0,1.3254952112187308,Lost Customers,380,2,637.61
15998.0,-0.0037862527047714326,Champions,37,16,8226.44
15507.0,0.9837094311817336,Potential Loyalists,172,1,475.86
17387.0,0.12812925966595246,Potential Loyalists,20,2,696.81
18043.0,0.016214474397430675,Potential Loyalists,25,3,529.29
14617.0,0.849355142749893,Lost Customers,403,2,136.39000000000001
17847.0,0.8638581363701808,At Risk,516,2,53.370000000000005
15776.0,0.9923142121746004,Potential Loyalists,133,1,241.62
15261.0,-0.0060600765354552446,Potential Loyalists,135,4,1377.8
13472.0,1.0974456994976738,Lost Customers,464,2,544.64
12844.0,0.14569130732595226,Potential Loyalists,29,4,648.6
17656.0,0.05635222156158064,Loyal Customers,73,5,1319.09
13255.0,0.05591333223846082,Potential Loyalists,9,3,402.15999999999997
13856.0,0.09624337637350147,Potential Loyalists,169,11,810.83
12407.0,0.0960659323780644,Champions,50,5,1292.68
16003.0,0.039714873191231605,Champions,30,10,3067.33
16528.0,-0.00900401586029036,New Customers,4,1,244.41
13367.0,0.8550893892384928,Lost Customers,432,1,295.9
15301.0,0.05981412032113344,Champions,51,16,5767.37
16262.0,1.176894386150583,Lost Customers,378,1,653.15
16065.0,0.031443630105791175,Loyal Customers,365,8,1939.03
16157.0,0.08124492184018092,Potential Loyalists,16,3,310.55
14483.0,0.8920550226932136,Lost Customers,282,2,257.1
13195.0,1.0969432739862188,Lost Customers,414,1,136.73
15192.0,0.10205890630721516,Loyal Customers,120,5,1387.99
12943.0,0.882245545896005,Lost Customers,558,2,373.5
16966.0,-0.1903305260184426,Potential Loyalists,45,4,159.49
14650.0,0.9240655351200953,Lost Customers,589,1,62.5
16974.0,0.72888441816173,At Risk,523,2,133.45000000000002
17607.0,1.3792628962580675,Lost Customers,376,1,333.81
14812.0,1.0426176983232311,Lost Customers,599,1,178.85
17035.0,1.071404901645714,At Risk,246,4,554.19
15322.0,0.19143958557825072,Potential Loyalists,86,2,1310.91
13895.0,-0.11230217890202232,Champions,28,6,3345.42
14862.0,-0.0819899715629301,New Customers,26,2,841.2
13062.0,1.091780481359386,Lost Customers,191,1,133.5
14107.0,0.06220634654425679,Champions,52,11,4367.15
17319.0,1.0759563290501601,Lost Customers,669,1,29.099999999999998
17874.0,1.0155178297964176,Potential Loyalists,185,6,564.76
16731.0,0.8803274692825742,Lost Customers,648,1,170.3
17119.0,0.21122528736467666,Potential Loyalists,3,2,606.91
13372.0,1.0957263268274617,Potential Loyalists,90,1,328.64
17341.0,0.10652918723938798,Loyal Customers,157,5,1088.6100000000001
17900.0,1.1729178241607108,At Risk,190,2,112.19999999999999
16691.0,1.1097250898792792,At Risk,418,2,178.83
15981.0,0.00958379825748944,Champions,25,13,4477.47
16436.0,1.0868102335499272,At Risk,668,3,319.14
15224.0,1.0207757295093876,At Risk,358,5,500.06
14067.0,0.9980358961327015,Potential Loyalists,64,2,374.7
12667.0,0.14252998266489525,New Customers,58,1,460.13
14221.0,0.026720576790793482,Champions,42,17,5800.1900000000005
15345.0,-0.09119747269582001,New Customers,46,1,393.54
13442.0,0.9947658313382512,At Risk,667,3,327.97
13224.0,-0.04734094616083811,Potential Loyalists,60,2,1424.59
16111.0,0.6774079754850868,Lost Customers,428,1,498.33
17859.0,0.9726815980922625,Lost Customers,305,1,141.92
12670.0,0.13704666824822154,Champions,10,7,2091.25
16509.0,1.040173799330053,Lost Customers,297,1,287.20000000000005
14492.0,-0.16469944219744057,Loyal Customers,430,7,1646.51
13860.0,0.12661391640425115,Champions,1,5,1245.9
17482.0,1.0283412935685428,At Risk,487,2,724.64
17928.0,-0.14558029099803405,Potential Loyalists,45,3,187.34
15125.0,0.3430587029172804,Loyal Customers,113,14,2331.54
16835.0,-0.028290448416075753,Loyal Customers,128,6,1329.16
15674.0,0.28925622554726643,Loyal Customers,73,12,6092.12
17999.0,0.11569613863691468,Potential Loyalists,37,3,528.46
17862.0,-0.16731140009392556,Loyal Customers,324,4,980.39
13212.0,-0.05254595589619694,Potential Loyalists,20,3,736.83
16552.0,0.917601596737113,Lost Customers,243,2,287.93
15080.0,0.8839453357916559,Lost Customers,428,2,546.25
15385.0,0.08532934736790274,Potential Loyalists,40,3,259.76
14122.0,0.8970869271885944,Lost Customers,406,2,218.64000000000001
14854.0,-0.12511135665719536,Loyal Customers,78,11,3366.76
15208.0,0.17026203347639646,Potential Loyalists,1,6,804.02
13798.0,0.20251152840572545,Champions,1,27,1395.93
17283.0,1.1445589561407497,Lost Customers,379,1,138.71
16876.0,1.2767058923834382,Lost Customers,404,1,136.01
13758.0,-0.1742240816342989,Champions,12,14,5014.64
17872.0,1.079373187264172,Lost Customers,382,1,190.87
14855.0,0.2955540835751652,Loyal Customers,119,7,3072.2
12936.0,-0.09490114915485243,Potential Loyalists,17,3,616.3
17092.0,-0.12285344094716907,Champions,50,10,5075.96
14529.0,-0.11633969592027682,Potential Loyalists,60,3,578.61
16800.0,0.004506902142631264,New Customers,11,1,1162.65
12660.0,-0.22583011638088787,New Customers,11,1,245.10000000000002
15414.0,0.00828098806103254,Potential Loyalists,10,3,613.14
14408.0,-0.12592551907723876,Champions,11,8,1196.27
12427.0,0.07950672232523547,Potential Loyalists,22,3,471.16
15656.0,0.04513705243479224,Potential Loyalists,45,4,748.5
16007.0,-0.09862537262159664,Champions,48,7,3053.06
17525.0,1.1406695843721093,At Risk,360,3,470.7
14185.0,1.0076434322525492,Lost Customers,331,1,32.65
15319.0,1.0766882939999483,Lost Customers,284,1,204.5
13421.0,0.13018462673496145,Champions,40,8,3403.25
14184.0,0.7757762295003475,Potential Loyalists,67,1,452.89
17509.0,-0.05033698031384025,Champions,58,8,6083.64
16775.0,0.08169875875265782,Champions,10,16,2553.39
14229.0,0.18293486124955793,Champions,52,7,1075.44
12672.0,1.1947129190577557,Lost Customers,330,2,345.1
16197.0,0.09326231969406225,Loyal Customers,469,9,1703.81
13395.0,-0.0964974192514365,Potential Loyalists,185,3,1016.77
13887.0,0.7605225289246613,Lost Customers,204,1,349.55
15400.0,1.0737968841325332,Potential Loyalists,128,4,271.05
16090.0,0.9652220303362236,Lost Customers,624,1,180.56
12496.0,0.9178909314352361,Lost Customers,620,2,45.34
17800.0,-0.02497535489064713,Champions,37,9,1067.21
16869.0,-0.1387903111706368,Potential Loyalists,23,4,817.12
15593.0,1.0676682095425538,Potential Loyalists,71,1,45.0
12786.0,0.9800236536668626,Lost Customers,610,1,172.3
17886.0,-0.03494156242165585,Potential Loyalists,32,6,884.8
13460.0,0.1338776542412145,New Customers,29,2,183.44
12504.0,-0.0895489413947343,Potential Loyalists,18,4,284.05
16820.0,0.6282018405954346,Potential Loyalists,96,1,497.61
13605.0,0.9318296438323818,Lost Customers,387,2,522.67
12553.0,-0.06217892020680897,Champions,8,12,4086.63
17838.0,0.1742832770100494,Champions,27,12,3855.46
13475.0,-0.19066849600832336,At Risk,191,4,1355.46
14977.0,1.1166297272076169,Lost Customers,726,1,31.93
17247.0,-0.08543480096012412,New Customers,15,1,280.09000000000003
15747.0,0.10425647455828126,Champions,13,9,2093.31
16699.0,0.11540088653465905,At Risk,380,7,688.6
15742.0,0.8834838192361391,Lost Customers,619,1,156.87
13810.0,-0.12013042996096321,New Customers,29,2,482.56
15875.0,0.787263232658972,Lost Customers,646,1,108.52
13266.0,-0.015670088711930097,Champions,11,18,5007.22
13510.0,-0.27236647392775853,Champions,1,11,4558.29
16175.0,-0.0742560587182421,Loyal Customers,94,7,1730.24
18013.0,0.8230169071852532,Potential Loyalists,155,2,187.29
14397.0,0.01514239178263264,Champions,3,17,1266.68
14389.0,-0.06930192604273548,Loyal Customers,65,5,1547.6100000000001
16959.0,0.8654819471616269,Potential Loyalists,87,1,117.35000000000001
13748.0,0.13518090026993088,Loyal Customers,96,8,1018.15
14659.0,-0.0361466782669819,Champions,9,9,2529.93
17918.0,0.8521818614870674,At Risk,501,3,200.34
16081.0,-0.1338141112693483,Champions,56,8,3978.0
16643.0,0.9387096722181737,At Risk,246,2,923.11
17169.0,-0.075875773832794,Potential Loyalists,58,3,1156.73
16158.0,0.9276356130223335,At Risk,522,8,522.87
14065.0,0.09063806228747845,At Risk,389,3,840.02
18096.0,0.1468188005215596,Champions,12,6,1657.87
13300.0,0.1730506065296878,Potential Loyalists,169,3,903.91
17480.0,0.015604242890798337,Potential Loyalists,78,2,837.23
16873.0,-0.0819815792383552,Champions,5,12,10327.130000000001
15094.0,1.0166077531632645,Lost Customers,463,2,83.0
18140.0,1.1866448575021529,Lost Customers,474,1,489.61
16526.0,1.065521385649391,Potential Loyalists,172,2,509.01
14341.0,0.05614641502815707,Champions,45,18,4221.2
14053.0,1.28218959176821,Potential Loyalists,160,3,110.0
16431.0,0.8420985203211954,At Risk,213,3,578.28
16034.0,-0.2187863022594101,At Risk,196,5,668.92
15102.0,0.8646510652314111,Lost Customers,531,2,433.53000000000003
14395.0,-0.2416774878147164,Champions,2,20,7667.68
18014.0,-0.11031045149583117,New Customers,28,1,162.22
15567.0,0.2804347669130579,New Customers,19,1,86.17
16681.0,-0.07864569112022088,Potential Loyalists,73,7,803.44
15141.0,0.05288526582439558,Loyal Customers,458,7,1388.47
17164.0,0.14709143930860796,Champions,33,7,2467.35
18163.0,0.9088009622648099,Lost Customers,584,1,728.84
17841.0,0.08165029212365438,Champions,2,210,58736.06
14327.0,0.05361028532464526,Loyal Customers,163,6,1717.93
17991.0,0.8046351866114526,At Risk,225,3,241.3
17533.0,0.9655284654782366,Lost Customers,435,1,34.8
13057.0,0.8024773332462518,At Risk,530,3,350.19
15703.0,1.0716227030714223,Lost Customers,265,1,104.4
12611.0,0.2980080087075423,New Customers,52,1,1049.32
13419.0,1.0451525332866154,Potential Loyalists,64,1,221.06
14180.0,0.09168671993099262,Champions,11,33,5049.35
13645.0,1.0463013920277198,Potential Loyalists,120,1,50.5
12926.0,0.1512799554062896,At Risk,411,4,1523.97
14840.0,0.8958034104185123,Lost Customers,268,2,362.71000000000004
15653.0,1.1582188442635326,Potential Loyalists,116,1,48.0
15135.0,0.9441751967646241,Lost Customers,239,2,305.68
16133.0,0.1689750413389062,Champions,4,50,6376.57
16012.0,-0.25014470764670654,Champions,35,5,2385.44
18191.0,1.1364007216532572,At Risk,262,2,417.2
14383.0,-0.19107676207282379,Potential Loyalists,38,3,1008.54
17096.0,0.2169055497981268,Champions,15,11,3344.88
13382.0,-0.14122951003629544,Loyal Customers,281,5,1387.58
16629.0,1.1952381563471188,Potential Loyalists,74,2,408.63
15836.0,0.18688111293283322,New Customers,50,1,137.37
14136.0,0.18212820029047155,Loyal Customers,401,5,1570.81
15456.0,-0.09316557155547661,Loyal Customers,283,10,1961.32
15532.0,-0.05261163401414706,Champions,25,10,3646.9500000000003
16196.0,1.159726559667227,Lost Customers,489,1,93.3
15600.0,-0.3938529804895053,Loyal Customers,428,4,1128.51
16439.0,1.340441798352522,Lost Customers,722,1,203.9
13492.0,-0.06732116790547332,Potential Loyalists,136,3,928.14
12743.0,1.147252865518905,Potential Loyalists,134,2,540.13
12784.0,0.08652214708428003,New Customers,15,2,1511.15
13538.0,-0.07670872761129553,Loyal Customers,121,8,1876.53
16068.0,1.0661845488716977,Lost Customers,594,1,115.73
13857.0,0.23729200545237775,Loyal Customers,393,6,1001.01
14504.0,0.20570294880709875,Potential Loyalists,47,4,673.26
13554.0,0.03616984289122374,Loyal Customers,380,7,1569.65
17740.0,1.0337052261388329,At Risk,431,3,148.5
13081.0,0.00031092998558842526,Champions,12,26,35626.43
17380.0,1.0730740663796539,At Risk,434,3,72.6
16405.0,0.8444996930214391,Lost Customers,310,1,6.85
13233.0,-0.02842626032742267,Potential Loyalists,74,4,1129.66
18162.0,0.9108296383417376,Lost Customers,732,1,371.51
14461.0,-0.1028430855753987,Loyal Customers,148,13,6394.71
17665.0,1.1689780461414028,Lost Customers,493,1,341.34
15416.0,-0.1377311316029736,Loyal Customers,65,7,3935.84
12758.0,0.0332442611747952,Loyal Customers,117,7,4843.68
18050.0,0.9220495481181297,At Risk,359,2,412.06
17195.0,1.146157189619263,Lost Customers,655,1,376.98
16454.0,0.018138075111392878,Potential Loyalists,45,4,30.950000000000003
17279.0,0.11079604076867448,New Customers,58,1,60.33
13946.0,0.9889355906959924,Potential Loyalists,79,6,280.81
15522.0,-0.09735840643762404,New Customers,33,2,397.99
15724.0,0.9764625803209619,At Risk,201,3,310.85
12580.0,0.9470218538851151,Lost Customers,247,2,998.9
17979.0,-0.053171702738489854,Potential Loyalists,36,4,678.33
17173.0,0.05848742070444384,Champions,5,7,1299.6000000000001
14147.0,0.9361295885792443,Potential Loyalists,78,6,351.4
15678.0,-0.024466885076367812,Potential Loyalists,53,3,1599.8400000000001
14823.0,0.9035438912804004,Potential Loyalists,180,3,321.43
16690.0,0.8187385932528607,Potential Loyalists,72,4,300.83
16560.0,0.15352438029991486,Champions,27,8,2997.38
17114.0,0.2294125665621577,Potential Loyalists,6,8,801.12
15268.0,0.9835101614721085,Lost Customers,479,2,341.2
17231.0,0.15328731557562184,Champions,12,25,7064.8
17595.0,0.1774418691268429,Potential Loyalists,12,2,386.69
13822.0,-0.06006724646599011,New Customers,6,2,508.1
17412.0,0.11814121661511463,Champions,3,16,3522.2200000000003
14519.0,1.0046569597010373,Lost Customers,684,2,203.14
16303.0,0.03587778992802494,Champions,26,7,5823.82
12751.0,1.2165708179959824,Lost Customers,445,1,268.27
13658.0,0.11393314368339007,Champions,10,9,4802.5
13239.0,-0.1447308259066367,Loyal Customers,262,5,1394.74
17026.0,0.7383353934154324,At Risk,370,2,54.15
16039.0,1.099317722393459,Lost Customers,424,2,456.4
13719.0,0.3776442916810639,Champions,15,11,2730.88
17995.0,1.064338166831793,At Risk,282,3,261.08
14860.0,0.01291474899392611,New Customers,19,1,170.32
14058.0,1.2181457239912723,Lost Customers,463,2,422.39000000000004
18235.0,-0.04319066125572699,Potential Loyalists,72,3,1679.18
16695.0,1.0479952160013495,At Risk,562,2,191.9
16845.0,1.0797073778326707,Lost Customers,618,1,253.88
13149.0,-0.1487624729554935,Potential Loyalists,14,4,1460.3600000000001
14850.0,0.032892458400005375,Loyal Customers,312,5,1494.16
15701.0,0.19552492092968743,Champions,2,4,1529.0
16757.0,1.1297693728331897,At Risk,319,2,270.48
12917.0,0.8250084756929282,At Risk,400,4,405.6
15476.0,-0.016027808732604426,Loyal Customers,380,4,1289.46
18144.0,0.17858741399356154,Champions,31,16,1058.41
13204.0,1.0783645286656693,Lost Customers,731,1,916.26
16340.0,-0.2704704675928799,Potential Loyalists,107,3,1496.24
17099.0,1.071786743034893,Lost Customers,533,1,582.17
13030.0,-0.03490454900903691,New Customers,11,2,660.19
13763.0,0.923469700891885,Lost Customers,435,1,70.86
16248.0,0.9094288556915885,Potential Loyalists,62,1,152.94
13883.0,-0.17143648743046788,Champions,11,15,5818.37
14618.0,-0.11432851129864505,Potential Loyalists,9,7,812.76
15082.0,0.82936719359339,Lost Customers,669,1,93.35000000000001
12351.0,1.2448988308578017,Lost Customers,375,1,300.93
15800.0,-0.1386768612057556,Loyal Customers,107,7,1137.37
18181.0,0.14622757274912185,Champions,24,5,1188.34
15193.0,1.1387370726419992,Potential Loyalists,61,1,357.72
13481.0,-0.13186599169544286,Champions,46,11,3830.84
14315.0,0.10898328000711516,Champions,45,8,2436.62
16850.0,0.9022365377081394,Lost Customers,334,1,332.41
15362.0,0.8890914116909717,Lost Customers,449,2,613.08
17705.0,-0.06696385486097876,Champions,3,11,1897.9
14493.0,-0.018881420934263426,Champions,7,10,4517.49
12443.0,1.0933477316066005,Lost Customers,732,1,365.31
14355.0,0.2028041218331881,At Risk,366,3,840.0500000000001
16857.0,0.8821017155612338,Lost Customers,443,1,220.20000000000002
15018.0,-0.01249184586497166,Potential Loyalists,39,3,445.21
16446.0,1.0935613084528688,Lost Customers,206,1,2.9
14622.0,1.1730402503743678,Potential Loyalists,185,1,320.58000000000004
13431.0,-0.027085308479844906,Loyal Customers,67,8,2223.5
14479.0,-0.1715660465954464,At Risk,254,4,1124.71
15940.0,1.046105875406799,Lost Customers,311,1,35.8
13625.0,1.090708210121071,Lost Customers,597,1,301.26
17175.0,0.10360893733055813,Champions,44,4,1160.3400000000001
12367.0,0.19266950217315928,New Customers,4,1,168.9
15087.0,1.1346067011143157,Lost Customers,282,1,246.46
12511.0,0.8968997296996274,Lost Customers,429,1,2995.2200000000003
15990.0,0.06316349104958739,Champions,44,7,1807.75
17904.0,0.1093785083088937,New Customers,21,1,181.07
17496.0,0.009360130368897598,Loyal Customers,359,4,1289.94
18099.0,0.9733861760256365,Potential Loyalists,127,1,168.31
13715.0,0.10050189187469943,Loyal Customers,281,17,6391.21
17568.0,1.2373432643187994,Lost Customers,633,1,374.45
14482.0,-0.09839354697403199,Champions,18,10,1781.98
13706.0,0.8843923368269353,Lost Customers,303,2,631.1700000000001
17829.0,0.0008847283337810286,Loyal Customers,299,4,3226.4
12354.0,0.9952138577031534,Lost Customers,232,1,971.24
12746.0,1.1810476309904465,Lost Customers,541,1,254.55
14471.0,0.9713501649266921,Lost Customers,591,2,400.95
18102.0,-0.055264947066651526,Champions,1,16,1213.43
12396.0,1.1941892933995608,Lost Customers,674,1,931.4300000000001
13462.0,0.1673566452757682,Loyal Customers,253,5,1153.8500000000001
18012.0,1.0622888881255599,Lost Customers,723,1,115.3
14981.0,0.9010428766544218,Lost Customers,246,2,372.92
15084.0,1.0761190015779138,Lost Customers,380,2,460.03
16494.0,0.9531272175726486,Lost Customers,297,1,826.53
13723.0,-0.14074703654478735,At Risk,217,6,732.93
15264.0,-0.15031922590264432,Potential Loyalists,64,2,848.4
17167.0,-0.11024867900760334,At Risk,380,3,867.11
14921.0,0.07693884914834818,New Customers,30,2,1266.57
17461.0,-0.1212116730626694,Potential Loyalists,23,3,735.82
18265.0,-0.144829887806483,Potential Loyalists,72,2,801.51
12599.0,-0.014295015134519935,Champions,29,13,2074.72
16641.0,0.9879139043307242,Potential Loyalists,106,2,554.5
16968.0,-0.30108610761883586,Potential Loyalists,4,2,439.43
17865.0,0.06768598682704914,Champions,31,44,16698.68
18084.0,1.2201891661009423,Lost Customers,383,1,88.5
15307.0,1.3435041832401617,Potential Loyalists,96,1,205.3
14233.0,-0.04891167305810123,Champions,49,6,1185.57
16911.0,1.0739882289172404,At Risk,636,2,255.25
12781.0,0.8605820849682535,Potential Loyalists,64,2,498.84000000000003
13897.0,-0.10034768504548709,Potential Loyalists,50,3,1061.1200000000001
12446.0,0.03520784269675337,New Customers,58,1,1002.3100000000001
17617.0,1.1217092209015542,Lost Customers,559,1,338.69
17885.0,0.027981505808552628,New Customers,12,1,156.34
13912.0,0.8642973449965811,Lost Customers,424,1,124.95
15547.0,-0.17453904540451548,Champions,7,26,9210.65
13066.0,-0.07324081022520158,New Customers,24,2,470.8
13902.0,1.1988815665666295,Lost Customers,663,2,77.46000000000001
15541.0,0.8943976707142809,Potential Loyalists,114,1,85.13000000000001
16018.0,-0.2934529986962425,Potential Loyalists,39,4,513.21
12537.0,1.0721025770495636,Lost Customers,409,1,612.94
13816.0,0.39114476142902643,New Customers,24,2,464.57
13042.0,-0.1781532433501504,At Risk,598,3,1488.59
16697.0,0.6566389515663607,Lost Customers,241,1,112.75
15529.0,0.10938328252651662,Champions,23,12,4575.16
14334.0,-0.35913740144177697,Champions,17,12,4033.38
13819.0,0.37628320664016446,Loyal Customers,302,6,1849.8500000000001
15511.0,-0.06607528471331492,Potential Loyalists,12,5,900.53
12498.0,0.34175790987310456,Potential Loyalists,21,3,403.70000000000005
13981.0,0.8687072123300158,Lost Customers,416,1,331.14
14728.0,1.0196002434972644,Lost Customers,413,1,190.58
15525.0,0.0741549417577535,Potential Loyalists,2,4,890.22
16661.0,1.0156950959202766,At Risk,540,3,502.56
13628.0,0.9763350946225324,Lost Customers,676,1,218.34
13984.0,0.03364905461255804,Champions,27,11,1012.22
17241.0,0.15136446231457498,Loyal Customers,385,12,2091.79
17286.0,-0.08689655833794586,Potential Loyalists,22,3,317.18
14012.0,1.2242511912172405,Lost Customers,278,1,328.8
14814.0,1.2244419588257398,Lost Customers,581,1,154.21
14964.0,1.106553397322282,Lost Customers,247,1,104.45
13813.0,0.02650249340310424,Champions,40,8,2399.4700000000003
14994.0,0.033925698302690606,Loyal Customers,382,5,946.72
13275.0,1.0455281546537456,Lost Customers,384,2,196.36
18118.0,0.30306320714728147,Champions,11,29,6017.22
17116.0,1.1978981376320035,Lost Customers,648,1,389.78
17297.0,0.21513952221351262,New Customers,17,1,128.18
14654.0,0.8024101701779937,Lost Customers,738,1,246.86
14609.0,0.7625762333174619,Lost Customers,522,2,69.12
16721.0,1.2079283988936083,Lost Customers,262,1,292.47
12733.0,0.03358229670230323,At Risk,234,4,1977.57
15296.0,0.029289038620838256,Champions,51,12,8729.85
13607.0,0.0836292917143924,New Customers,40,2,1075.81
14026.0,0.9748824400225546,Lost Customers,471,2,713.11
13755.0,-0.0953480342894324,Champions,4,8,2000.96
14414.0,-0.061746490490743204,Loyal Customers,92,8,1742.97
14025.0,-0.0783076940403894,Loyal Customers,465,8,1814.22
15327.0,-0.1614239048050039,New Customers,53,1,208.75
17287.0,-0.1249535986318629,Champions,26,21,3664.57
13751.0,0.9117230329008029,Lost Customers,288,1,83.55000000000001
17887.0,1.24434252733725,Potential Loyalists,129,1,111.35
12588.0,0.160260003202089,Potential Loyalists,39,4,798.78
14353.0,1.3249319605578,At Risk,215,3,376.5
13792.0,1.1292429762801808,Potential Loyalists,66,3,383.95
13259.0,0.17200077690075394,Loyal Customers,62,9,1402.54
12690.0,0.7875188649459502,Lost Customers,206,1,285.01
16237.0,0.8938898324184174,Lost Customers,437,1,136.65
14138.0,-0.06382901001633295,New Customers,2,2,815.88
18032.0,1.1331708541097394,Lost Customers,334,1,73.5
16064.0,1.078109197226149,Lost Customers,725,1,109.31
16221.0,0.17238802119649516,Champions,37,9,1923.02
16573.0,0.05774963704670785,Potential Loyalists,85,2,663.61
15016.0,0.7814581475891962,Potential Loyalists,173,5,620.89
13619.0,0.7667875211384549,Lost Customers,545,2,224.94
12422.0,-0.006249993539743735,Loyal Customers,96,14,2684.37
16423.0,0.018666507909329905,New Customers,25,1,285.28
15023.0,-0.03385588813522266,Champions,3,20,10077.57
15960.0,1.0916091347771282,At Risk,374,4,410.95
15498.0,0.03812251926496621,Champions,3,41,14374.06
13840.0,1.2044834799170274,Lost Customers,416,1,651.4
15169.0,1.1769776946996617,Lost Customers,382,2,569.22
15722.0,0.061472064225268144,Champions,36,10,2285.14
18126.0,0.9061336781874187,Potential Loyalists,61,1,200.92
17594.0,0.21769624882428248,Loyal Customers,85,4,2401.88
14392.0,1.2266540672518293,Lost Customers,432,1,206.7
16336.0,0.2684073369334749,At Risk,458,3,718.61
16673.0,1.0593093577121098,Lost Customers,679,1,171.13
16890.0,1.0553043739813366,At Risk,477,2,149.09
13226.0,0.9738281673435952,Lost Customers,273,2,312.46
13862.0,0.19225523998763605,Champions,18,9,2466.09
18061.0,-0.07247857902984178,Champions,22,24,1847.8600000000001
17232.0,0.11738676435841253,Potential Loyalists,3,2,417.77
13509.0,0.05156080750439327,Potential Loyalists,9,7,806.6800000000001
13039.0,0.14493336578350585,At Risk,584,4,959.73
16518.0,-0.0024652660247270718,Potential Loyalists,61,4,899.37
13262.0,1.0151221560524806,At Risk,263,3,522.45
13540.0,0.8421651092294586,At Risk,467,3,632.39
16164.0,-0.07212530272340095,Potential Loyalists,17,3,568.5
12501.0,0.9024496905558111,Lost Customers,337,1,2025.39
14069.0,0.8076369528589912,Lost Customers,515,2,225.81
12377.0,0.06500732498606167,At Risk,315,4,2723.26
13207.0,-0.15039571367571483,Potential Loyalists,15,3,250.26000000000002
17567.0,0.1649870753595574,Champions,7,9,3102.42
16809.0,-0.05685798168524169,Champions,23,9,1727.43
18127.0,0.115345864171929,Potential Loyalists,19,4,508.73
17088.0,-0.05521938303957404,Champions,28,4,1991.01
15000.0,0.29631065461891337,New Customers,48,1,490.52
15326.0,0.2108511181532281,Loyal Customers,334,5,1700.52
15556.0,-0.09907648959416,New Customers,24,1,229.76999999999998
14249.0,-0.0674685341041739,Loyal Customers,411,12,4326.361
16888.0,1.2422311449950638,At Risk,401,3,434.2
15311.0,0.2701976959333204,Champions,1,202,22522.74
16136.0,0.05115086476300327,Potential Loyalists,60,4,773.1
15537.0,1.1438284971420125,Potential Loyalists,163,1,110.92
15217.0,1.2017024030515024,Lost Customers,563,1,426.24
16657.0,0.07958728072364334,Potential Loyalists,10,4,874.43
16254.0,-0.2069946873248494,At Risk,378,3,922.44
17958.0,0.8286174833310592,Potential Loyalists,117,2,269.18
15495.0,0.9041472943279608,Lost Customers,379,1,246.5
13351.0,0.7749016987981139,Potential Loyalists,66,1,323.94
16235.0,-0.19267688172142258,Champions,41,9,2010.71
16357.0,-0.12309291638493622,Potential Loyalists,33,4,868.37
16824.0,-0.059065434368461796,Potential Loyalists,16,3,641.24
15643.0,1.3309717632440945,At Risk,192,3,546.6
14031.0,0.05922637624803715,Champions,7,39,7739.13
16624.0,1.0397440610097066,Potential Loyalists,81,2,467.45
16955.0,-0.06079969116471684,Potential Loyalists,185,6,781.62
14248.0,0.9049296412622135,At Risk,318,3,642.35
16450.0,-0.29801929846724745,Potential Loyalists,150,3,721.8000000000001
16141.0,0.21227590234773133,Potential Loyalists,88,2,955.94
15915.0,0.9713689752868818,Lost Customers,402,1,364.45
15359.0,0.9918480194810971,At Risk,663,8,181.35
17360.0,-0.06957404277500712,Champions,17,6,1154.01
18169.0,1.1560412917320413,Potential Loyalists,61,1,151.65
12387.0,1.0121718918531566,Lost Customers,415,1,143.94
16142.0,1.1685749533330698,Lost Customers,250,1,535.34
14277.0,-0.18331070325182383,Champions,15,8,4250.2
17532.0,0.9218762842585994,Lost Customers,386,1,65.34
14034.0,-0.2673853752240088,Potential Loyalists,22,3,456.09
12792.0,0.964157388654222,Lost Customers,257,2,715.01
15015.0,0.0011661046115995334,Loyal Customers,501,13,2125.47
12406.0,-0.03743721205956155,Champions,22,5,2644.01
18128.0,0.9480675472115853,Lost Customers,537,1,399.29
17111.0,-0.2907317008610125,Potential Loyalists,47,2,459.58
13063.0,0.9002279197265571,Lost Customers,481,1,188.4
16438.0,0.010377223970118364,Potential Loyalists,6,5,798.35
18159.0,1.0559264116240819,Lost Customers,301,1,354.95
13518.0,0.9669174073400129,Potential Loyalists,86,1,627.16
14621.0,-0.061439304660038024,Champions,1,9,2790.67
18092.0,-0.03441880820966126,Potential Loyalists,2,5,407.2
12598.0,-0.056010799196113764,Champions,10,11,3519.9700000000003
16871.0,-0.09642432872872324,Champions,22,6,2279.14
14962.0,1.125423939444127,At Risk,271,3,231.31
14391.0,0.7287636136760365,Lost Customers,577,1,135.6
13601.0,0.048480184108825465,Potential Loyalists,45,4,1159.99
18000.0,0.8990505754249882,Lost Customers,564,1,37.25
16038.0,-0.008605517635462811,Potential Loyalists,8,3,471.78
15840.0,0.0266305455875803,New Customers,59,2,355.56
12938.0,-0.05720228172177853,New Customers,26,1,114.14
17075.0,0.3919470115436445,Champions,18,10,2134.63
15013.0,-0.0690724327352453,Loyal Customers,488,10,1568.32
15081.0,-0.14826812347377674,Champions,22,12,1704.57
13254.0,1.0482723850669298,Lost Customers,376,1,51.41
13037.0,0.06846554168803022,Loyal Customers,138,12,3766.4500000000003
13334.0,-0.04468999430933545,Loyal Customers,82,5,5712.3
16777.0,-0.0168910264327096,Loyal Customers,80,5,1292.18
14390.0,-0.06774370297663837,Champions,10,13,4420.84
14902.0,-0.04117610823484764,Potential Loyalists,26,3,1035.6200000000001
14958.0,-0.0221762615917286,Loyal Customers,147,6,941.99
16260.0,-0.23712118110949298,New Customers,51,1,175.75
17944.0,0.8072087453895436,Lost Customers,423,1,74.99
17888.0,0.004512643072494421,Champions,38,23,1491.89
16755.0,0.015796024682155706,Loyal Customers,114,7,2864.68
12409.0,0.13251456845598117,Loyal Customers,79,5,1747.37
17787.0,0.009556585311640301,Loyal Customers,153,4,1750.04
17957.0,0.9274552874428584,Potential Loyalists,66,1,111.68
15566.0,1.0225628830091844,Lost Customers,393,2,227.87
13668.0,-0.07066016091834364,Champions,3,34,8083.82
18239.0,0.0378264560871961,Loyal Customers,219,6,1614.46
17805.0,1.0793165580948747,Potential Loyalists,74,1,93.21000000000001
16792.0,0.9234398010776862,At Risk,282,5,623.46
14944.0,-0.07238875749602135,Champions,30,19,5236.21
14474.0,0.08496638708097946,New Customers,46,2,1258.89
18130.0,0.2785834500843613,Potential Loyalists,15,3,1059.39
16742.0,-0.03364507604099777,Loyal Customers,493,13,1147.33
14681.0,1.1224707410293704,At Risk,212,4,257.35
12705.0,0.22438062938371803,Champions,15,13,9410.1
12861.0,1.2684360237813053,Lost Customers,620,1,68.25
17403.0,-0.047969551774275906,Potential Loyalists,36,2,382.87
16837.0,0.007479354988677832,Champions,31,10,2689.78
15234.0,0.905541021937965,Lost Customers,277,1,197.0
12356.0,-0.1928521734696712,Champions,23,6,1657.22
17194.0,0.8479444746764399,At Risk,274,3,563.5
14702.0,-0.18475963760621592,Champions,1,29,6056.43
16309.0,0.699246610726131,Potential Loyalists,106,2,563.77
14991.0,1.031628264464973,Lost Customers,430,1,314.67
16947.0,0.03466524559648633,At Risk,236,5,910.21
12715.0,1.068124645080717,Potential Loyalists,106,1,263.36
15091.0,-0.015749222304932756,Potential Loyalists,68,3,822.11
14924.0,1.013682279872325,At Risk,246,3,471.36
14715.0,-0.021662283724077087,Champions,25,7,1301.45
14150.0,-0.07170248325546845,New Customers,36,2,370.24
17756.0,-0.01704206788914113,At Risk,376,3,728.75
14197.0,0.9966775297865778,Lost Customers,411,1,390.05
13007.0,1.269559072806543,Lost Customers,580,1,175.25
13374.0,0.9986650128817914,Lost Customers,415,2,251.70000000000002
15905.0,0.8303548324328085,Lost Customers,543,1,114.69
16566.0,-0.1483149239240314,Potential Loyalists,15,5,213.78
13414.0,0.018795487838639505,Loyal Customers,134,5,1084.6200000000001
13047.0,-0.0014803836240518857,Champions,32,24,6559.88
12649.0,0.05592615786251994,Loyal Customers,107,7,1756.45
16240.0,0.0006129786480713834,New Customers,24,2,2050.34
13429.0,0.17917161259285946,Potential Loyalists,11,4,955.8
16706.0,0.05704799881001382,Potential Loyalists,37,3,531.35
15500.0,0.05093357765059852,Champions,8,4,1131.56
13479.0,0.2525448091043513,At Risk,201,4,851.37
14382.0,0.01261627431498505,New Customers,26,2,1193.6299999999999
17276.0,1.0540602977307894,Lost Customers,402,1,400.79
18166.0,0.8317275200039285,Lost Customers,624,1,175.5
17572.0,1.086424554502928,Potential Loyalists,71,10,600.0100000000001
12363.0,0.9357284362320928,Potential Loyalists,110,2,413.28
17793.0,-0.16137279036787655,New Customers,25,1,300.34
15239.0,0.03809122543826473,New Customers,10,2,780.59
14398.0,0.9982527673479585,Lost Customers,401,2,660.09
13119.0,1.0259930740850423,Lost Customers,669,1,134.9
16480.0,0.8628174919279965,Potential Loyalists,76,1,613.77
16807.0,-0.07692431486709664,Loyal Customers,143,6,2123.88
13320.0,0.06047509479610476,Loyal Customers,78,6,2211.6
15194.0,0.0033911315328389,Champions,3,28,8014.58
14105.0,0.11774083184608286,Loyal Customers,239,5,4782.62
14450.0,-0.11647546050106299,Loyal Customers,181,7,1083.89
17160.0,-0.1954109082308177,Champions,31,17,10119.16
14786.0,0.8522094573906189,Lost Customers,550,1,90.96
15598.0,-0.3173528943601507,New Customers,53,2,548.02
15506.0,0.08824300211054327,Champions,23,6,1910.33
17883.0,-0.07917735044010689,Champions,3,7,937.42
16207.0,-0.0308178134241747,New Customers,25,1,252.58
14038.0,-0.13324582254486472,Loyal Customers,78,5,2831.88
13747.0,1.0598145468095495,Lost Customers,425,1,90.2
17540.0,-0.009189876362914724,Champions,25,6,1168.2
17624.0,0.28042238281991705,Champions,15,4,1568.63
13483.0,1.2556277024882365,Potential Loyalists,66,1,140.34
16675.0,0.8716962168530117,At Risk,442,2,296.56
15687.0,0.09264171218158351,Champions,9,9,2942.1
15731.0,0.856460155188203,Lost Customers,554,1,125.3
12650.0,-0.03519108997398719,New Customers,3,1,147.64000000000001
17914.0,-0.001234201840544096,New Customers,4,1,329.36
14317.0,1.0334793081074785,Potential Loyalists,65,1,442.58
12540.0,0.18981262481784317,Champions,20,32,12251.11
12638.0,0.03545461554122627,New Customers,33,2,604.99
18125.0,0.19343479527487392,Champions,30,4,1131.75
17456.0,1.3578108962941597,At Risk,365,2,975.5600000000001
12419.0,0.9390175601441375,Lost Customers,386,2,368.01
15146.0,0.8804863365791264,Potential Loyalists,165,2,1245.56
15671.0,0.1198997199355683,Champions,19,7,1207.83
16693.0,0.14974432802370133,Loyal Customers,69,5,1116.48
16368.0,0.07602679506250613,Potential Loyalists,2,3,520.64
12561.0,1.305493648643179,Lost Customers,303,1,238.85
14415.0,0.07001479943635812,Champions,1,23,11794.04
15209.0,1.0308960417034352,Lost Customers,730,1,178.98000000000002
12678.0,-0.07097737067841961,Champions,43,13,2793.05
14785.0,0.020284803261992466,New Customers,10,2,77.4
14523.0,0.8858611951035129,Potential Loyalists,108,1,194.29000000000002
13555.0,-0.10432208310262683,Loyal Customers,74,12,5128.91
15504.0,1.0417943091004862,Potential Loyalists,81,4,402.7
16847.0,-0.02741387268392675,Potential Loyalists,43,2,614.89
16752.0,0.8066273497738539,Lost Customers,373,1,127.55
16409.0,0.04515956310203036,Champions,36,12,5483.54
13974.0,0.08691339810945702,New Customers,49,2,677.72
14590.0,-0.02501511371531595,Loyal Customers,425,19,1648.23
13135.0,1.1082965435035457,Lost Customers,491,1,275.45
15852.0,1.0744961803263025,Lost Customers,197,2,199.76
13709.0,-0.17288282843365302,Champions,4,17,6596.4800000000005
15484.0,0.01270962379556,Champions,1,6,3296.87
12858.0,0.989723480924293,Lost Customers,383,1,147.27
15231.0,0.8900275779815169,Lost Customers,621,1,250.26000000000002
15291.0,0.05213909093278053,Champions,26,25,2795.93
18161.0,-0.07252240538338582,Champions,15,6,1685.27
14809.0,0.6839258769669514,Lost Customers,621,2,389.76
13650.0,-0.1345945825417837,Champions,17,10,2975.8
14432.0,0.11338522436508813,Champions,10,6,2093.9
13260.0,1.0357232728097012,Potential Loyalists,61,1,82.32000000000001
13843.0,0.9562694188036391,Lost Customers,381,1,319.75
16863.0,-0.12392128294218464,Potential Loyalists,31,3,784.27
16016.0,0.07260701077296458,Champions,3,11,2083.4
13828.0,0.12822089960771743,New Customers,22,1,209.49
14117.0,1.0367100330822396,Potential Loyalists,144,1,90.0
13465.0,1.0963334780640077,Lost Customers,446,2,563.08
16520.0,0.04524937448956744,Loyal Customers,186,6,2148.38
16315.0,1.0184368499767398,Lost Customers,331,2,402.71
15099.0,1.0859045226338826,Potential Loyalists,84,1,287.05
16648.0,0.06629521701078782,Potential Loyalists,43,3,672.8
14072.0,1.064450594808204,Lost Customers,667,1,290.35
13368.0,0.04101599047004048,At Risk,257,4,875.1
17350.0,-0.047387687388145396,Champions,8,7,1611.261
13038.0,0.9437811054926238,Potential Loyalists,80,3,383.76
14918.0,0.15032312066810755,Loyal Customers,116,8,1851.66
16977.0,0.9767661400634252,At Risk,395,4,394.6
18251.0,1.0065245108990586,Lost Customers,718,1,67.34
12837.0,0.8277334525582125,Potential Loyalists,173,2,662.66
16397.0,1.1088626367866588,Lost Customers,628,1,72.13
13663.0,-0.11234969203130543,Loyal Customers,179,5,1713.75
17389.0,-0.03017832910019354,Champions,3,42,3093.67
16051.0,1.0764190654776438,Lost Customers,682,1,188.44
16666.0,-0.014394214334938028,Potential Loyalists,19,2,217.71
16802.0,0.781184876443324,At Risk,679,2,526.36
17416.0,0.05281321564101887,Champions,30,21,10712.43
13053.0,1.0428495728983949,Lost Customers,622,1,127.65
16985.0,0.09049663344951622,Champions,17,20,2822.05
16938.0,0.08633094885180084,Champions,9,9,6111.11
12790.0,0.814352053945945,Lost Customers,192,2,591.85
12801.0,0.7625022256075287,Lost Customers,501,1,791.92
17852.0,-0.14184589059694205,Potential Loyalists,12,5,657.8100000000001
12794.0,-0.1380877386816918,New Customers,53,2,756.01
13900.0,-0.336315870192546,Loyal Customers,183,6,1432.27
13677.0,0.78285481608852,Lost Customers,405,2,551.24
13701.0,0.825329159271839,Lost Customers,447,1,161.0
17603.0,-0.09915779409761392,Loyal Customers,78,4,1222.54
13129.0,0.8777976979680898,Lost Customers,452,2,233.25
17535.0,0.8847225132289861,Lost Customers,280,1,164.4
14800.0,0.2126290534061441,Champions,48,17,6302.83
17112.0,1.1094973951674245,Lost Customers,503,1,197.57
13153.0,-0.03870154910239396,New Customers,6,1,227.82000000000002
16294.0,1.0806918095675035,Lost Customers,477,1,126.05000000000001
17342.0,1.044674788601327,At Risk,380,4,540.54
14344.0,-0.18098192309391734,Loyal Customers,127,20,2745.25
15191.0,0.9822978055823491,At Risk,463,3,588.05
15735.0,0.8926390585076606,Lost Customers,421,1,327.68
16263.0,1.2074887033451231,Lost Customers,423,1,244.58
15005.0,0.24985945647455654,Champions,16,56,13754.58
17934.0,-0.12281841259827747,Potential Loyalists,52,3,635.39
17426.0,-0.031927169994232785,Champions,8,13,7236.03
17419.0,-0.2256264508280524,Champions,11,18,5208.75
16655.0,0.045882367999246956,Champions,18,13,4889.93
13121.0,1.1584789775745898,Lost Customers,269,1,283.73
16571.0,-0.05855615564571964,Champions,27,10,4173.14
12545.0,-0.1534071298126384,Potential Loyalists,75,2,832.39
15617.0,-0.0035040745299195894,At Risk,396,3,718.15
13308.0,-0.029130403282086208,Potential Loyalists,23,4,1157.33
15370.0,0.07725658144571783,Loyal Customers,60,7,2399.55
16414.0,0.123897522899734,Potential Loyalists,22,5,551.21
13340.0,-0.183978778191814,Champions,45,9,1545.65
13691.0,1.0789963897355899,Lost Customers,396,1,212.78
18085.0,0.13262333422781183,Loyal Customers,330,4,1054.3
12973.0,0.9875824829852332,Lost Customers,414,1,95.55000000000001
14625.0,0.014044966272668316,Loyal Customers,196,11,4325.08
14476.0,1.0546088062652081,Lost Customers,257,1,193.0
12711.0,1.2963067001278965,Lost Customers,612,2,1133.8500000000001
14417.0,0.9245829365741135,Lost Customers,388,1,524.65
13873.0,-0.01216288033205485,Loyal Customers,120,8,936.9200000000001
12484.0,-0.38466854229061054,Champions,35,9,5188.22
13286.0,0.7531620788868222,Lost Customers,600,1,593.91
17658.0,0.2412608241722779,Potential Loyalists,26,2,281.42
13576.0,-0.24189344952208822,Champions,10,26,3105.17
15458.0,-0.06965030381574759,New Customers,25,2,370.44
18259.0,0.014822827343077107,Potential Loyalists,85,6,874.4000000000001
14568.0,1.2646120006849813,Lost Customers,435,1,719.9
12898.0,1.2198979127397425,Lost Customers,660,1,143.57
15280.0,1.0891024019038387,Potential Loyalists,172,3,397.52
12348.0,-0.0642356546207546,Potential Loyalists,75,5,823.8
18008.0,-0.005549091170903608,Potential Loyalists,70,10,884.14
14160.0,0.004453684981399742,At Risk,610,5,735.67
14257.0,-0.07490386651390446,Loyal Customers,64,9,3986.15
17128.0,0.9417942130944307,Lost Customers,335,1,157.09
12693.0,-0.008839869516380177,Loyal Customers,127,7,1429.42
17239.0,0.7682664206390801,At Risk,313,4,593.35
14940.0,0.9228838505273017,Lost Customers,418,2,531.49
13506.0,0.3022842570423865,Loyal Customers,316,5,1293.53
15857.0,-0.146601840406861,New Customers,19,2,314.88
17491.0,-0.2561200666781464,Champions,1,16,3439.04
14604.0,0.8719290235789934,Lost Customers,633,1,143.85999999999999
17446.0,0.9404468366858508,Potential Loyalists,177,2,120.89999999999999
16660.0,-0.012551354283544258,Potential Loyalists,16,5,374.27000000000004
15351.0,0.16494329365733598,Champions,12,10,2882.6
13359.0,-0.013606598512195247,Potential Loyalists,64,2,943.3100000000001
14285.0,-0.09796919216462313,Potential Loyalists,21,7,642.14
15276.0,0.9129132684790228,Potential Loyalists,66,4,619.8
15290.0,0.16365955662492235,Champions,5,26,5390.91
16182.0,1.0096248954198557,Potential Loyalists,72,2,156.65
15259.0,-0.12309206335671323,At Risk,513,4,887.38
13638.0,-0.31441580794392554,New Customers,16,1,122.64
13824.0,0.0686382485978785,Champions,33,10,1766.3600000000001
14571.0,1.0883003427801898,Lost Customers,425,1,160.0
15963.0,0.36167436260823616,New Customers,20,2,470.76
15835.0,-0.1409901078099161,Potential Loyalists,44,4,858.39
12773.0,0.5550335914820305,Lost Customers,564,1,37.25
18204.0,-0.04270014787346598,Potential Loyalists,71,3,1863.49
13473.0,0.30772553364803984,Loyal Customers,61,6,1045.83
15111.0,-0.15910091388246636,Champions,29,5,2442.37
15799.0,-0.04683996944786056,Loyal Customers,76,4,1311.34
16469.0,0.04442196328340446,Potential Loyalists,24,5,803.9
13789.0,0.9258056042594224,Lost Customers,388,1,239.46
12568.0,1.0725290234058855,Lost Customers,645,1,70.0
15540.0,-0.007228293311894527,New Customers,11,2,460.68
17253.0,0.302551611486652,New Customers,18,1,178.26
14468.0,1.106833877717644,Lost Customers,734,1,204.24
12610.0,-0.03483768273396126,Potential Loyalists,23,4,1827.54
15675.0,0.9696292236524405,Potential Loyalists,81,4,542.04
16805.0,-0.045923441899458566,Loyal Customers,174,5,1091.34
14247.0,0.2588171676614035,At Risk,278,5,753.56
13006.0,-0.06333838300489478,New Customers,56,1,81.57
15178.0,0.9425292558957844,Lost Customers,260,1,40.5
14032.0,-0.08139085187592517,Champions,16,15,3380.61
14753.0,0.3013252363037,Potential Loyalists,87,2,869.51
13732.0,0.01472245528475863,New Customers,28,1,491.86
17771.0,-0.2732848749528353,Potential Loyalists,57,4,387.41
15913.0,1.0723663159114776,Lost Customers,534,1,6.300000000000001
13556.0,0.9490757151920289,Lost Customers,429,2,155.82
15105.0,0.05668344099047418,Champions,18,9,2372.29
17188.0,0.07480619884004334,Champions,11,13,2748.23
13634.0,0.13622795582773728,Champions,33,16,4550.17
14749.0,0.8562693320918908,Lost Customers,480,1,310.15
14441.0,-0.2494128642433241,Champions,1,10,2627.59
14485.0,0.21757820153874458,New Customers,39,1,162.8
14128.0,-0.20758663414845374,Potential Loyalists,61,3,924.21
16790.0,-0.0770248228543654,Champions,4,6,1545.6200000000001
14258.0,0.27557404226391574,Potential Loyalists,90,15,844.1
16427.0,1.1122153774272265,Lost Customers,263,2,187.96
16455.0,-0.04487877047310486,Loyal Customers,64,11,3427.93
13957.0,1.0951599562671377,At Risk,418,3,458.25
17315.0,0.1365002226404745,Champions,2,43,6764.6
15250.0,0.8313028300210547,Lost Customers,641,1,60.0
15116.0,-0.31179886240103527,Potential Loyalists,18,4,723.5600000000001
17321.0,-0.09760771234205114,Champions,8,6,1585.31
17601.0,1.020997960893018,At Risk,239,2,413.08
16868.0,1.112840475741999,At Risk,394,3,384.56
14783.0,0.9488494560447286,Lost Customers,659,1,307.3
15902.0,0.9199216616226833,Lost Customers,380,1,145.01
16279.0,0.06167048276286077,Champions,21,9,5297.33
15659.0,0.2686136163748942,Potential Loyalists,44,3,419.49
16508.0,1.2298883403900882,Lost Customers,630,1,240.95
15129.0,-0.1035273720667638,Champions,50,22,3282.54
15695.0,-0.025445538922853266,Loyal Customers,267,4,1054.54
15441.0,-0.06200143706297347,At Risk,396,3,1008.4300000000001
13173.0,-0.1711021861456722,Champions,4,11,2232.42
16816.0,0.9729962826736058,Potential Loyalists,103,4,417.06
18053.0,0.910973503532254,Potential Loyalists,71,3,479.27000000000004
15560.0,1.2585070863293593,Lost Customers,398,2,153.52
15563.0,0.027646104051783083,Champions,22,7,2707.36
13501.0,0.02534038592456143,At Risk,288,3,2015.41
12888.0,1.0773094831898944,Lost Customers,255,1,25.200000000000003
17166.0,-0.03841754447403774,Potential Loyalists,39,2,150.09
13280.0,-0.19848984935022937,Loyal Customers,122,7,2248.48
16307.0,-0.13579705595590308,At Risk,429,3,1144.52
17440.0,0.8155764509317581,Potential Loyalists,157,3,84.42
17044.0,-0.04833280297802593,At Risk,472,4,694.24
13279.0,0.960357442621378,Potential Loyalists,78,1,137.75
13343.0,0.9833304002475302,Potential Loyalists,178,1,303.43
17064.0,-0.02368738842695103,Potential Loyalists,59,3,778.95
15536.0,0.9593756769779944,Lost Customers,409,1,259.09
16353.0,-0.24215638032876752,Champions,18,20,2513.21
17831.0,-0.00036693174765238534,New Customers,33,1,35.400000000000006
13990.0,1.251600457663417,Lost Customers,213,1,311.3
14605.0,0.1753919228537564,At Risk,374,4,769.8100000000001
17299.0,0.09868086818095921,Champions,12,6,925.63
12869.0,0.6455054714230904,Lost Customers,682,1,256.07
15821.0,-0.212438855279515,New Customers,44,2,570.96
16321.0,0.8633818618467971,Potential Loyalists,72,7,498.35
14542.0,0.8010477165017658,Potential Loyalists,186,1,103.25
15214.0,0.2810823772094208,Champions,2,8,1661.44
12626.0,-0.239456918602842,Champions,23,9,4912.2300000000005
13157.0,-0.21251364667167946,Champions,49,9,4997.66
18210.0,-0.04675594078905516,Champions,2,7,2594.53
15859.0,1.018723826538214,Lost Customers,432,1,387.46
17967.0,0.8819013288418717,At Risk,372,2,223.42
13273.0,1.1341752863808146,Potential Loyalists,113,1,138.98
13517.0,0.022504167193088325,Potential Loyalists,60,3,2128.42
17323.0,0.127544827938414,Champions,15,12,1551.04
17845.0,0.9381192021073483,At Risk,555,4,596.09
15227.0,-0.17868181769993602,Champions,37,9,2345.69
17986.0,-0.011909073177211252,New Customers,56,1,20.8
16382.0,1.150508382937562,Lost Customers,408,2,353.1
17475.0,1.102477967717946,Potential Loyalists,79,1,194.37
14922.0,1.1011820441011233,Lost Customers,394,2,843.74
15759.0,0.9351936370423295,At Risk,297,5,267.25
15323.0,1.0868984578403889,At Risk,563,3,434.6
16132.0,0.912036080694174,Lost Customers,544,2,193.4
17057.0,1.2092729245866223,Lost Customers,596,1,294.74
16313.0,0.039115574618079074,New Customers,3,2,274.15000000000003
15306.0,0.21015846707980837,Loyal Customers,64,9,2627.4500000000003
17316.0,0.9119293393208735,Lost Customers,420,1,124.45
13447.0,-0.21866964048346751,Potential Loyalists,23,3,983.13
14487.0,-0.18425703440157443,Champions,27,7,1215.27
17766.0,1.097999755481055,At Risk,381,2,299.61
18275.0,0.8170251673002791,At Risk,578,2,246.25
15324.0,1.141305197224313,Lost Customers,701,1,140.22000000000003
13925.0,0.01669867637593348,Potential Loyalists,93,4,678.25
17677.0,0.04318636322615503,Champions,2,44,8286.0
15453.0,-0.27074774961416714,Champions,2,7,1371.77
13545.0,1.2787869001739898,Lost Customers,391,2,364.93
17652.0,-0.01109804348944407,Champions,25,12,4582.93
13035.0,0.09666021612948414,Potential Loyalists,74,3,678.6
14719.0,-0.15265342824582986,Champions,2,5,1581.84
14098.0,0.08787598491226378,New Customers,37,1,86.14999999999999
12782.0,0.1677538012272208,Champions,5,11,3552.7400000000002
16425.0,0.9056033341968763,Lost Customers,302,1,302.7
14146.0,0.26962440827819156,Champions,9,12,7268.58
12513.0,0.586881932460692,Potential Loyalists,113,1,558.29
15756.0,1.0090643287382064,Potential Loyalists,61,4,528.01
13772.0,0.0514110367933505,Champions,34,8,2793.52
13796.0,1.1645956446038497,Lost Customers,499,1,289.7
12536.0,0.1775118458282178,New Customers,59,1,4017.81
14360.0,0.03332048694259625,Potential Loyalists,32,4,1932.53
14643.0,0.14689995631107122,Potential Loyalists,170,5,893.34
14950.0,-0.07824359504401655,New Customers,19,1,321.4
13031.0,0.19585032836269786,Loyal Customers,407,5,3240.64
17094.0,0.7641709648875397,At Risk,322,2,190.7
14758.0,-0.07121383701336186,Loyal Customers,145,7,2755.37
17089.0,0.8052484339059348,Lost Customers,386,1,38.45
14027.0,0.9748644122200709,Potential Loyalists,61,1,104.82
16029.0,1.0565330804919382,Potential Loyalists,81,7,284.40000000000003
13183.0,-0.03846270100976749,Champions,8,15,1430.58
14210.0,-0.048368338073903734,Loyal Customers,106,16,5320.02
15966.0,0.7723251695717993,Lost Customers,451,1,426.53
14387.0,0.2546043482164869,Potential Loyalists,33,3,1601.44
12483.0,-0.10833831622215759,Champions,17,18,2614.34
12946.0,1.0659444463079595,Lost Customers,437,1,324.45
17877.0,0.7627767171783063,Potential Loyalists,170,1,98.61
14856.0,-0.06894540605422779,Potential Loyalists,36,3,1025.21
15391.0,1.1512162945669397,Lost Customers,584,1,213.55
14913.0,-0.02156520302435805,Champions,36,8,3596.13
15860.0,-0.1280382744905548,Champions,41,17,2361.3
16407.0,-0.011783145743537497,Champions,13,14,2484.45
15240.0,0.06397009645889096,Champions,45,12,3518.7200000000003
18155.0,1.123880913339958,Potential Loyalists,75,3,371.62
15051.0,-0.03127181501470307,Champions,23,9,3001.71
17225.0,0.998987921956661,Lost Customers,582,1,37.65
17649.0,0.16314097898100446,Potential Loyalists,138,3,1578.89
14037.0,-0.0003273817918141367,Potential Loyalists,176,6,722.2
12726.0,0.18066603025789835,Champions,28,11,3337.2
16267.0,0.944307284551558,Lost Customers,591,1,87.66
15726.0,1.1042370174319291,Lost Customers,390,1,321.91
14078.0,-0.2656464614898562,Loyal Customers,102,9,921.52
17056.0,1.0017546441957887,Lost Customers,738,1,45.2
17390.0,1.0768967551440447,Lost Customers,421,1,32.3
16898.0,0.08688841649084675,Potential Loyalists,26,5,885.21
14636.0,0.025570233170772665,New Customers,36,2,566.8900000000001
14668.0,1.1668690018892638,Lost Customers,445,1,111.63
13733.0,0.9711618348501182,Lost Customers,411,2,416.23
14030.0,-0.04847051858483184,Champions,18,20,6007.14
17182.0,1.0711514405887035,Lost Customers,423,1,142.8
14742.0,0.7876516777138863,Lost Customers,435,1,579.85
14225.0,0.2186091392683563,At Risk,435,4,1434.23
18150.0,-0.13654780904998706,Potential Loyalists,32,3,566.58
12668.0,-0.04253412503927851,Champions,12,9,9023.91
14057.0,-0.04250004196219403,Champions,24,21,5967.52
13631.0,1.0964786895632896,Potential Loyalists,178,1,40.0
16256.0,0.8790213342628795,Lost Customers,267,2,156.15
14561.0,0.0016611302547975613,Potential Loyalists,76,3,1080.76
15294.0,0.9852405162440221,Lost Customers,411,1,233.35
12686.0,0.9009336586144177,Lost Customers,372,1,89.14
12646.0,0.24843021190175021,New Customers,5,2,850.65
15355.0,-0.02361199078336242,New Customers,29,2,229.35000000000002
12411.0,1.1743638700415213,Lost Customers,410,1,287.2
17704.0,0.6757905522663615,Potential Loyalists,169,2,594.49
13746.0,0.9547508490619508,Lost Customers,414,1,176.69
17328.0,0.9315353058925944,Lost Customers,673,1,29.700000000000003
16827.0,1.0699752379364167,At Risk,393,4,148.05
16956.0,-0.030559331271134808,New Customers,18,1,248.94
18271.0,0.8468088556267963,At Risk,610,2,296.8
14948.0,-0.0695375648910385,Champions,23,6,1042.27
18158.0,-0.24440806837568796,Potential Loyalists,9,2,453.4
14799.0,0.38926925471930557,New Customers,51,2,338.15000000000003
12560.0,-0.08095068019225722,New Customers,5,2,1732.21
13012.0,0.011624427073766753,Champions,9,11,2659.33
18074.0,1.2350383556133373,At Risk,374,2,771.84
14660.0,1.015562845659128,Potential Loyalists,87,2,159.38
16891.0,-0.06461337105061472,Champions,2,11,1727.94
14995.0,0.19952179639772522,New Customers,39,2,231.98000000000002
16664.0,0.9502220227719903,Lost Customers,569,1,109.2
14396.0,0.028224285913740765,Loyal Customers,65,7,1969.38
12464.0,0.16096552372252532,Potential Loyalists,10,8,317.5
16507.0,0.9973378553464112,Lost Customers,572,1,142.71
15350.0,0.863381405962021,Lost Customers,373,2,547.6
14198.0,0.011902540958182453,Champions,18,9,1569.73
15198.0,1.00536810368387,Potential Loyalists,92,5,479.55
12834.0,1.1367593416755395,Lost Customers,283,1,312.38
15302.0,1.2903056677851854,Lost Customers,730,1,308.0
13704.0,0.1172031616738513,Champions,5,9,2206.06
17773.0,0.9108211916556799,At Risk,514,2,527.77
13316.0,0.05853465362573214,Potential Loyalists,37,6,428.46000000000004
17003.0,0.06855249322225543,At Risk,402,4,828.21
17620.0,0.18012351676667354,Potential Loyalists,60,1,81.44
17295.0,-0.0357596642068133,Potential Loyalists,29,3,547.0
12789.0,1.4156145755320704,Potential Loyalists,65,3,124.85
14400.0,0.13976515608272475,Potential Loyalists,149,3,1059.51
13926.0,-0.10070460681073999,New Customers,23,1,223.85000000000002
15031.0,0.37125681189157395,Champions,4,14,2757.89
17170.0,1.17377483014539,At Risk,374,2,178.68
14815.0,-0.20214950257265424,New Customers,37,2,778.5
15161.0,1.1403814790787958,Lost Customers,388,1,119.92
15002.0,-0.22541429927167578,Loyal Customers,116,9,3824.9300000000003
17761.0,0.08382950017113068,New Customers,33,1,298.98
17664.0,-0.05892001829069522,Champions,19,4,1166.23
12865.0,0.054454236078416034,Potential Loyalists,26,4,3273.07
16561.0,0.12925436273015636,New Customers,6,2,511.12
12991.0,0.06615207788400246,Potential Loyalists,23,3,722.32
14692.0,-0.17912051231842324,Loyal Customers,137,12,1443.94
15612.0,-0.05699430235866567,New Customers,36,2,105.9
14608.0,0.14275864993317217,Potential Loyalists,4,9,282.14
16264.0,1.2032610934935952,Lost Customers,438,2,776.33
15811.0,-0.04287800282055924,Champions,22,7,3344.85
17189.0,0.3066023881017893,Loyal Customers,106,5,953.63
15745.0,-0.12124024044338237,Champions,19,4,1035.19
17242.0,0.12218562703023367,Loyal Customers,108,5,1065.24
16804.0,-0.25569467688260133,Potential Loyalists,23,3,486.99
15424.0,1.0918254259909528,At Risk,254,3,492.3
13987.0,0.9984884053700637,Lost Customers,380,2,682.54
14364.0,-0.16547321739707788,Loyal Customers,109,8,944.7
14761.0,-0.08915156609329741,Potential Loyalists,59,3,350.12
15874.0,-0.07410825972550769,Loyal Customers,64,19,4836.79
14060.0,0.14060347190374267,Champions,5,27,3602.84
17377.0,0.1172548591269054,Champions,24,77,13335.43
14440.0,-0.02293678523374576,Champions,8,10,1772.98
18110.0,-0.15467051347943617,Potential Loyalists,20,2,392.28000000000003
13927.0,-0.054388837984953045,Potential Loyalists,75,2,708.26
15730.0,0.17865181674042716,Loyal Customers,66,5,1726.58
13577.0,0.06570311776530416,Champions,25,11,2879.92
12832.0,-0.13465559422650028,New Customers,32,2,383.03000000000003
15063.0,1.1246570310936619,Lost Customers,213,1,115.6
13589.0,0.026711262367693625,Potential Loyalists,15,5,891.24
13264.0,1.1757405541592478,Lost Customers,443,1,722.5600000000001
13588.0,0.23723604089756437,Champions,16,9,2478.95
17448.0,0.11814063780965911,Loyal Customers,497,46,14523.67
17723.0,0.9121637549519204,Potential Loyalists,173,2,104.5
17774.0,0.12666891203276195,Loyal Customers,97,9,3273.83
17293.0,0.22657484466754838,Champions,8,16,2809.68
16424.0,1.2747944662680732,Lost Customers,191,2,197.06
16500.0,-0.027350794217455877,Potential Loyalists,5,8,590.4100000000001
15548.0,1.1478317135342984,Lost Customers,596,1,107.24
15627.0,0.980932260964103,Lost Customers,457,2,336.98
17437.0,0.862836220473157,Lost Customers,530,1,369.68
16885.0,0.09340498150062732,Potential Loyalists,15,4,623.4
15034.0,0.1402444149092316,Champions,16,14,6744.35
17836.0,-0.19776463750682224,New Customers,47,1,110.21000000000001
17436.0,-0.027824338635539944,Potential Loyalists,2,4,292.8
15001.0,1.245197261404934,Lost Customers,394,2,199.10999999999999
14723.0,0.009817419766721206,Champions,10,11,1803.06
14966.0,0.003924404188870536,Champions,15,6,979.26
13583.0,1.0072864136843707,Potential Loyalists,156,2,1445.031
13168.0,-0.17219243303103252,Champions,36,5,1652.93
17428.0,0.24500605767904876,Champions,38,37,9587.48
16610.0,0.9461611383574807,Lost Customers,219,1,75.66
15454.0,0.8161359640868279,Lost Customers,362,2,305.99
16213.0,1.1704541874818233,Potential Loyalists,79,1,82.5
16218.0,0.23568609373424498,Champions,30,11,2046.57
15056.0,1.2182968270376642,Lost Customers,520,1,113.65
17857.0,1.1618895015346424,At Risk,221,4,88.3
17407.0,0.9742578162875475,Lost Customers,412,1,493.2
17962.0,0.11932195631597674,Potential Loyalists,142,4,666.96
15969.0,-0.013499366078489894,Potential Loyalists,3,5,776.65
18004.0,1.1535660371639438,Lost Customers,362,1,157.92
17959.0,0.6427605910661144,Lost Customers,592,1,39.95
17835.0,-0.09466526543967582,Potential Loyalists,3,3,342.24
16026.0,0.00556231883245456,New Customers,43,1,236.09
16398.0,1.073568377342548,Potential Loyalists,154,2,1502.5
15014.0,0.08004221227304231,New Customers,43,2,175.17
14817.0,-0.04052476575276542,Loyal Customers,200,7,3471.86
17998.0,1.3506567351316465,At Risk,380,3,420.78999999999996
13193.0,0.9782206478063544,Potential Loyalists,61,1,112.08
18257.0,0.12537381384285418,Champions,39,12,4428.65
15203.0,0.15214003889060512,Champions,26,15,4400.18
14822.0,1.0402010221906333,Lost Customers,485,1,157.7
18212.0,1.019730948726855,At Risk,326,2,454.67
15570.0,-0.09479693815401993,Champions,7,25,8256.34
13551.0,0.9570876627699021,Lost Customers,319,1,91.80000000000001
14912.0,0.10393055514150651,Champions,17,6,1208.49
16482.0,-0.11469376015717661,New Customers,16,1,220.62
16010.0,0.12001910527365446,Loyal Customers,246,11,1694.86
13695.0,0.062377030985165484,Champions,31,14,1747.21
12825.0,1.0105988300638975,Lost Customers,521,2,454.83
15595.0,0.8564193353972585,Lost Customers,488,1,64.8
16584.0,0.12511428571434047,Loyal Customers,80,5,973.2500000000001
16126.0,-0.4360166967882134,Champions,29,15,4934.29
17487.0,1.0042263639314015,Lost Customers,728,1,160.55
14133.0,-0.2055061666373518,Potential Loyalists,130,4,761.69
18106.0,-0.008093007078723357,Loyal Customers,330,6,1315.21
12380.0,-0.4480114365656689,Champions,22,8,4719.360000000001
13911.0,0.09392869839752144,Champions,57,20,3509.89
16224.0,-0.215478301331326,Champions,57,5,1616.54
12416.0,0.8543914123621503,Lost Customers,657,1,202.56
13456.0,0.10468026097618616,Champions,18,6,1016.82
15036.0,1.176002522610155,Potential Loyalists,72,3,429.56
13595.0,-0.23628448315426534,At Risk,517,3,719.98
14547.0,-0.14283615103363062,Champions,4,8,3739.75
13496.0,-0.07969418745317816,New Customers,11,2,531.53
15897.0,0.8732902957491527,Lost Customers,194,2,98.09
14086.0,0.8275796168417494,Lost Customers,463,1,39.95
17947.0,-0.04322956283289175,New Customers,37,1,133.72
12606.0,0.7598823761723152,Lost Customers,682,1,21.0
13344.0,0.057000177290491005,Potential Loyalists,68,3,2030.0900000000001
16682.0,0.21282358596210238,Potential Loyalists,5,5,519.28
17566.0,0.04192965062696504,Potential Loyalists,8,2,869.77
14345.0,-0.1976582492300998,New Customers,39,1,108.98
17335.0,0.8448145150336666,At Risk,384,2,296.04
16762.0,0.05378262381447112,Potential Loyalists,20,3,993.24
